City_ID,City,Country,Lat,Lng,Max Temp,Humidity,Cloudiness,Wind Speed,Weather Description
0,Qaanaaq,GL,77.484,-69.3632,15.24,70,49,9.75,scattered clouds
1,Hilo,US,19.7297,-155.09,75.79,80,75,0.0,light rain
2,Dingle,PH,10.9995,122.6711,74.34,96,94,2.8,overcast clouds
3,Labuhan,ID,-6.8844,112.2051,78.42,80,49,6.87,scattered clouds
4,Hobart,AU,-42.8794,147.3294,44.46,74,40,3.0,scattered clouds
5,Sioux Lookout,CA,50.1001,-91.917,57.27,94,90,11.5,light intensity shower rain
6,Port-Cartier,CA,50.0334,-66.8654,55.74,66,19,7.49,few clouds
7,Atuona,PF,-9.8,-139.0333,77.45,76,65,21.21,light rain
8,Castro,BR,-24.7911,-50.0119,87.15,35,1,8.52,clear sky
9,Ushuaia,AR,-54.8,-68.3,46.02,65,90,5.75,overcast clouds
10,Rikitea,PF,-23.1203,-134.9692,73.94,77,9,17.43,clear sky
11,Vaini,TO,-21.2,-175.2,68.16,100,20,5.75,light rain
12,Olyka,UA,50.7186,25.8125,42.93,93,100,10.85,overcast clouds
13,Barrow,US,71.2906,-156.7887,30.22,80,90,21.85,snow
14,Tiksi,RU,71.6872,128.8694,31.35,70,100,5.17,overcast clouds
15,Portland,US,45.5234,-122.6762,61.84,94,90,1.99,mist
16,Avarua,CK,-21.2078,-159.775,75.25,88,75,4.61,broken clouds
17,Qasigiannguit,GL,68.8193,-51.1922,28.65,62,88,1.5,overcast clouds
18,Mataura,NZ,-46.1927,168.8643,51.48,93,85,1.77,light rain
19,Pangnirtung,CA,66.1451,-65.7125,33.8,80,75,16.11,broken clouds
20,Auki,SB,-8.7676,160.7034,76.23,90,44,3.42,scattered clouds
21,Luang Prabang,LA,19.8856,102.1347,73.85,93,71,1.07,broken clouds
22,Adrar,MR,20.5022,-10.0711,101.34,14,4,13.67,clear sky
23,Saint-Philippe,RE,-21.3585,55.7679,67.59,83,99,14.14,light rain
24,Thompson,CA,55.7435,-97.8558,48.36,93,90,6.91,overcast clouds
25,Tuktoyaktuk,CA,69.4541,-133.0374,42.8,75,75,11.5,broken clouds
26,Cape Town,ZA,-33.9258,18.4232,57.61,64,20,1.99,few clouds
27,Busselton,AU,-33.65,115.3333,52.05,70,0,11.34,clear sky
28,Ilulissat,GL,69.2167,-51.1,28.42,50,75,4.61,broken clouds
29,Fernie,CA,49.5,-115.0687,53.69,64,100,4.45,overcast clouds
30,Boysun,UZ,38.2061,67.1986,66.33,26,0,4.5,clear sky
31,La Asuncion,VE,11.0333,-63.8628,76.73,88,98,13.8,overcast clouds
32,Skegness,GB,53.1436,0.3363,66.88,97,93,4.52,overcast clouds
33,Hermanus,ZA,-34.4187,19.2345,55.9,60,4,6.58,clear sky
34,Kodiak,US,57.79,-152.4072,53.11,66,90,11.5,overcast clouds
35,Pisco,PE,-13.7,-76.2167,65.01,77,20,11.5,haze
36,San Buenaventura,MX,27.0833,-101.5333,92.32,22,1,5.75,clear sky
37,East London,ZA,-33.0153,27.9116,59.94,72,20,20.71,few clouds
38,Salym,RU,60.0625,71.4789,35.22,90,100,8.23,overcast clouds
39,Saldanha,ZA,-33.0117,17.9442,53.65,65,0,19.95,clear sky
40,Cherskiy,RU,68.75,161.3,23.34,82,16,6.69,few clouds
41,Lorengau,PG,-2.0226,147.2712,78.8,83,100,4.76,very heavy rain
42,Kapaa,US,22.0752,-159.319,78.12,79,75,4.0,light rain
43,Ancud,CL,-41.8697,-73.8203,51.33,64,5,5.97,clear sky
44,Upernavik,GL,72.7868,-56.1549,29.66,76,100,9.78,overcast clouds
45,Kholodnyy,RU,62.7167,147.95,29.75,79,100,5.86,overcast clouds
46,Rudnya,RU,54.947,31.0934,41.94,96,100,12.53,light rain
47,Lata,PT,40.1629,-8.3327,80.04,58,0,4.81,clear sky
48,Sisimiut,GL,66.9395,-53.6735,33.66,71,96,3.13,overcast clouds
49,Bolgar,RU,54.95,49.0667,48.11,58,100,17.11,overcast clouds
50,Port Elizabeth,ZA,-33.918,25.5701,57.49,72,0,31.07,clear sky
51,Bredasdorp,ZA,-34.5322,20.0403,55.27,66,1,6.91,clear sky
52,Gull Lake,CA,50.1001,-108.4847,50.36,40,44,10.51,scattered clouds
53,Lavrentiya,RU,65.5833,-171.0,30.88,65,7,6.2,clear sky
54,Yerbogachen,RU,61.2767,108.0108,48.61,84,100,10.78,overcast clouds
55,Ostrovnoy,RU,68.0531,39.5131,38.46,76,61,9.13,broken clouds
56,Mahebourg,MU,-20.4081,57.7,70.09,68,75,14.97,broken clouds
57,Bulungu,CD,-4.55,18.6,81.77,49,23,3.85,few clouds
58,Rybinsk,RU,58.0446,38.8426,42.15,63,100,13.96,overcast clouds
59,Mar Del Plata,AR,-38.0023,-57.5575,57.22,72,75,17.27,broken clouds
60,Victoria,HK,22.2855,114.1577,85.32,85,34,6.55,light rain
61,Sihora,IN,23.4833,80.1167,76.84,84,2,2.15,clear sky
62,Korla,CN,41.7597,86.1469,77.5,17,25,14.12,scattered clouds
63,Camacha,PT,33.0833,-16.3333,72.36,64,40,12.66,scattered clouds
64,Alyth,GB,56.6221,-3.2301,60.06,81,92,1.01,overcast clouds
65,Esperance,AU,-33.8667,121.9,44.44,86,3,12.68,clear sky
66,Hasaki,JP,35.7333,140.8333,66.6,69,3,9.89,clear sky
67,Inhambane,MZ,-23.865,35.3833,70.02,69,0,15.21,clear sky
68,Khatanga,RU,71.9667,102.5,32.09,99,100,2.19,light snow
69,Mecca,SA,21.4267,39.8261,92.17,33,79,4.9,broken clouds
70,Osinovo,RU,55.8809,48.881,42.89,57,100,7.76,overcast clouds
71,Kavieng,PG,-2.5744,150.7967,80.33,77,100,5.03,overcast clouds
72,Jamestown,US,42.097,-79.2353,78.19,64,1,8.05,clear sky
73,Olafsvik,IS,64.8945,-23.7142,46.09,79,91,13.87,overcast clouds
74,Savinka,RU,50.0785,47.0994,60.26,43,97,14.83,light rain
75,Najran,SA,17.4924,44.1277,86.65,15,80,3.49,broken clouds
76,Cockburn Town,TC,21.4612,-71.1419,87.76,66,40,11.5,scattered clouds
77,Nikolskoye,RU,59.7035,30.7861,44.49,65,100,9.69,light rain
78,Butte,US,39.6499,-121.5677,80.35,31,1,14.97,clear sky
79,Severo-Yeniseyskiy,RU,60.3725,93.0408,29.91,97,57,4.47,broken clouds
80,Airai,TL,-8.9266,125.4092,57.52,63,86,4.03,overcast clouds
81,Ketchikan,US,55.3422,-131.6461,52.27,93,90,16.11,heavy intensity rain
82,Mogadishu,SO,2.0371,45.3438,77.72,81,17,16.8,few clouds
83,Lebu,CL,-37.6167,-73.65,53.6,67,0,20.71,clear sky
84,Chuy,UY,-33.6971,-53.4616,68.41,86,94,7.94,overcast clouds
85,Port Macquarie,AU,-31.4333,152.9167,51.76,64,23,18.19,few clouds
86,Barvinkove,UA,48.9097,37.0205,52.52,63,45,5.48,scattered clouds
87,Riyadh,SA,24.6877,46.7219,91.54,16,0,9.19,clear sky
88,Port Alfred,ZA,-33.5906,26.891,58.12,59,25,34.63,scattered clouds
89,Narsaq,GL,60.9167,-46.05,44.82,59,18,1.92,few clouds
90,Vestmanna,FO,62.1564,-7.1664,50.92,87,90,24.16,overcast clouds
91,Punta Arenas,CL,-53.15,-70.9167,50.11,71,0,20.71,clear sky
92,Esna,EG,25.2934,32.554,95.02,12,84,3.42,broken clouds
93,Albany,US,42.6001,-73.9662,76.68,61,12,7.23,few clouds
94,Vestmannaeyjar,IS,63.4427,-20.2734,49.19,81,40,28.77,scattered clouds
95,Saint-Georges,GD,12.0564,-61.7485,87.48,66,20,16.11,few clouds
96,Chokurdakh,RU,70.6333,147.9167,22.95,87,62,7.02,broken clouds
97,Tommot,RU,58.9564,126.2925,32.16,93,4,1.95,clear sky
98,Octeville,FR,49.6261,-1.6435,63.09,72,0,8.05,clear sky
99,Butaritari,KI,3.0707,172.7902,82.0,77,70,11.92,light rain
100,Torbay,CA,47.6666,-52.7314,53.28,78,75,27.63,broken clouds
101,Kristiinankaupunki,FI,62.2743,21.376,43.95,71,42,6.04,scattered clouds
102,Champerico,GT,14.3,-91.9167,94.35,74,99,7.38,overcast clouds
103,Kaitangata,NZ,-46.2817,169.8464,44.76,86,75,4.5,broken clouds
104,Jiaozuo,CN,35.2397,113.2331,69.08,65,0,5.61,light rain
105,Georgetown,MY,5.4112,100.3354,78.89,92,20,0.0,light rain
106,Norman Wells,CA,65.282,-126.8329,42.84,87,40,10.36,scattered clouds
107,Iqaluit,CA,63.7506,-68.5145,31.73,64,90,4.61,overcast clouds
108,Bemidji,US,47.4736,-94.8803,59.29,95,40,9.22,scattered clouds
109,San Cristobal,VE,7.7669,-72.225,78.98,51,72,4.94,broken clouds
110,Saint George,US,37.1041,-113.5841,75.67,26,1,1.01,clear sky
111,Margate,GB,51.3813,1.3862,62.89,84,44,9.51,scattered clouds
112,Mulege,MX,26.8833,-111.9833,91.99,46,0,9.42,clear sky
113,Dondo,MZ,-19.6094,34.7431,69.31,68,0,7.34,clear sky
114,Rajapalaiyam,IN,9.45,77.5667,82.17,71,69,4.76,broken clouds
115,Rio Gallegos,AR,-51.6226,-69.2181,53.65,54,75,17.27,broken clouds
116,Hamilton,US,39.1834,-84.5333,77.77,89,75,1.01,moderate rain
117,Manzini,SZ,-26.25,31.5,67.93,64,42,1.88,scattered clouds
118,Yar-Sale,RU,66.8333,70.8333,36.77,97,100,15.26,overcast clouds
119,Ribeira Grande,PT,38.5167,-28.7,73.8,64,40,14.97,scattered clouds
120,Taoudenni,ML,22.6783,-3.9836,107.01,7,0,8.75,clear sky
121,Cosio,MX,22.35,-102.3,73.71,53,58,5.06,broken clouds
122,Westerly,US,41.3776,-71.8273,76.05,59,1,8.05,clear sky
123,Richards Bay,ZA,-28.783,32.0377,68.27,87,34,14.61,light rain
124,Opatija,HR,45.3392,14.3083,67.69,71,18,7.27,few clouds
125,San Patricio,US,28.017,-97.5169,95.09,42,1,8.28,clear sky
126,Nemuro,JP,43.3236,145.575,57.72,87,44,8.84,scattered clouds
127,Barlinek,PL,52.9946,15.2186,59.97,60,100,8.48,overcast clouds
128,Cidreira,BR,-30.1811,-50.2056,71.56,85,76,1.21,broken clouds
129,Mount Gambier,AU,-37.8333,140.7667,44.51,76,40,14.97,scattered clouds
130,Puerto Ayora,EC,-0.7393,-90.3518,76.96,88,95,11.01,overcast clouds
131,Uchkeken,RU,43.9378,42.5117,60.49,89,48,2.66,scattered clouds
132,San Rafael,AR,-34.6177,-68.3301,63.23,22,70,10.27,broken clouds
133,Carnarvon,AU,-24.8667,113.6333,73.47,16,0,12.66,clear sky
134,Bluff,NZ,-46.6,168.3333,51.8,90,100,17.74,light rain
135,Adamovka,RU,51.5223,59.9396,43.61,49,27,7.78,scattered clouds
136,Tigil,RU,57.8,158.6667,45.66,97,100,10.36,light rain
137,Sinnamary,GF,5.3833,-52.95,86.36,63,59,10.45,broken clouds
138,Hambantota,LK,6.1241,81.1185,80.62,83,98,14.67,moderate rain
139,Muroto,JP,33.2833,134.15,76.86,70,12,15.19,few clouds
140,Bethel,US,41.3712,-73.414,75.88,66,40,8.05,scattered clouds
141,Teruel,ES,40.6667,-0.6667,64.36,63,71,18.84,broken clouds
142,Le Port,RE,-20.9373,55.2919,68.0,77,64,4.38,light rain
143,La Romana,DO,18.4273,-68.9728,89.96,62,40,5.75,scattered clouds
144,Hithadhoo,MV,-0.6,73.0833,83.95,71,44,10.94,scattered clouds
145,Tadine,NC,-21.55,167.8833,69.13,65,85,12.77,overcast clouds
146,Sao Joao Da Barra,BR,-21.6403,-41.0511,80.69,78,40,15.9,scattered clouds
147,Berezovyy,RU,51.6667,135.7,45.73,84,2,5.57,clear sky
148,Nuuk,GL,64.1835,-51.7216,36.21,69,75,11.5,broken clouds
149,Leningradskiy,RU,69.3833,178.4167,19.63,85,99,10.22,overcast clouds
150,Port-Gentil,GA,-0.7193,8.7815,80.56,74,40,14.97,scattered clouds
151,Paamiut,GL,61.994,-49.6678,36.1,79,10,29.42,clear sky
152,Wilmington,US,34.2257,-77.9447,84.94,73,20,18.41,few clouds
153,Tsaratanana,MG,-16.7833,47.65,68.27,71,20,10.25,few clouds
154,Tatarsk,RU,55.219,75.9828,38.48,97,99,13.67,overcast clouds
155,Parrita,CR,9.5201,-84.3225,97.99,71,26,6.17,scattered clouds
156,Russell,US,32.3502,-85.1999,83.35,72,90,0.0,overcast clouds
157,Novikovo,RU,51.1537,37.8879,52.36,71,99,5.17,overcast clouds
158,San Quintin,MX,30.4833,-115.95,73.11,63,0,6.13,clear sky
159,Tasiilaq,GL,65.6145,-37.6368,39.36,66,100,7.45,overcast clouds
160,New Norfolk,AU,-42.7826,147.0587,44.1,66,70,1.99,broken clouds
161,Longyearbyen,SJ,78.2186,15.6401,40.84,93,75,0.0,light rain
162,Porto Novo,BJ,6.4965,2.6036,80.42,81,45,7.56,scattered clouds
163,Fiumicino,IT,41.7675,12.2291,76.48,73,40,9.22,scattered clouds
164,Sitka,US,57.0531,-135.33,55.29,67,90,21.85,heavy intensity rain
165,Sorland,NO,67.667,12.6934,50.07,72,90,21.5,overcast clouds
166,Paramonga,PE,-10.6667,-77.8333,65.73,71,46,10.56,scattered clouds
167,Sakaiminato,JP,35.55,133.2333,69.78,94,20,6.91,few clouds
168,North Bend,US,43.4065,-124.2243,62.13,82,1,0.0,clear sky
169,Uniontown,US,39.9001,-79.7164,85.21,41,94,1.01,overcast clouds
170,Churapcha,RU,62.0025,132.4325,34.68,91,99,5.32,overcast clouds
171,Sisophon,KH,13.5859,102.9737,74.88,94,100,3.49,light rain
172,Bayburt,TR,40.2589,40.2278,55.71,67,24,2.24,few clouds
173,Broome,US,42.2506,-75.833,77.02,57,1,1.99,clear sky
174,Tatawin,TN,32.9297,10.4518,101.28,67,34,12.93,scattered clouds
175,Aklavik,CA,68.2191,-135.0107,41.72,65,100,8.34,overcast clouds
176,Quang Ngai,VN,15.1167,108.8,75.7,93,94,4.14,heavy intensity rain
177,Dikson,RU,73.5069,80.5464,34.43,84,100,5.91,overcast clouds
178,Kargasok,RU,59.0556,80.8572,38.5,96,100,10.56,overcast clouds
179,Faanui,PF,-16.4833,-151.75,77.85,74,50,16.22,scattered clouds
180,Goundam,ML,16.4145,-3.6708,101.35,20,35,5.26,scattered clouds
181,San Blas,MX,21.5167,-105.2667,89.49,63,99,2.64,overcast clouds
182,Beringovskiy,RU,63.05,179.3167,40.48,93,100,7.56,light rain
183,Fortuna,US,40.5982,-124.1573,62.92,78,1,1.99,clear sky
184,Pacific Grove,US,36.6177,-121.9166,78.8,57,1,3.44,clear sky
185,Iznik,TR,40.4286,29.7211,78.75,47,3,1.39,clear sky
186,Birin,NP,26.8865,88.0718,61.93,94,14,3.31,few clouds
187,Shasta Lake,US,40.6804,-122.3708,76.08,28,0,5.99,clear sky
188,Bastia,FR,42.6667,9.3333,74.53,60,40,11.01,scattered clouds
189,Sobolevo,RU,54.4299,31.8996,43.3,96,100,10.89,moderate rain
190,Stillwater,US,36.1156,-97.0584,91.69,53,1,12.66,clear sky
191,Boa Vista,BR,2.8197,-60.6733,89.58,55,75,10.36,broken clouds
192,Talnakh,RU,69.4865,88.3972,30.94,82,86,2.62,overcast clouds
193,Sakakah,SA,29.9697,40.2064,92.77,14,0,6.89,clear sky
194,Nanortalik,GL,60.1432,-45.2371,37.62,75,17,14.07,few clouds
195,Acarau,BR,-2.8856,-40.12,85.08,61,37,19.66,scattered clouds
196,Esmeraldas,BR,-19.7625,-44.3139,91.51,20,10,0.96,clear sky
197,Buala,SB,-8.145,159.5921,78.31,87,99,7.52,light rain
198,Alice Springs,AU,-23.7,133.8833,56.75,35,4,12.66,clear sky
199,Vila Franca Do Campo,PT,37.7167,-25.4333,73.81,67,66,10.45,broken clouds
200,Klaksvik,FO,62.2266,-6.589,52.72,80,20,39.19,few clouds
201,Ambilobe,MG,-13.2,49.05,72.14,69,24,7.99,few clouds
202,Manado,ID,1.487,124.8455,75.97,94,40,3.44,scattered clouds
203,Coihaique,CL,-45.5752,-72.0662,54.21,54,23,9.08,few clouds
204,Kamaishi,JP,39.2667,141.8833,63.46,79,58,5.91,broken clouds
205,Khrebtovaya,RU,56.7032,104.2494,43.21,94,100,12.57,moderate rain
206,Gat,IL,31.61,34.7642,81.39,100,0,7.23,clear sky
207,Hami,CN,42.8,93.45,80.08,20,51,8.79,broken clouds
208,Pachino,IT,36.7186,15.0907,83.61,76,46,10.38,scattered clouds
209,Yellowknife,CA,62.456,-114.3525,45.12,87,75,6.91,broken clouds
210,Praia,CV,14.9215,-23.5087,86.54,70,40,16.11,scattered clouds
211,Wynyard,AU,-41.0,145.7167,40.95,83,54,8.59,broken clouds
212,Leua,SK,48.2156,18.6071,57.49,62,75,7.9,broken clouds
213,Canora,CA,51.6333,-102.4343,55.42,43,50,14.79,scattered clouds
214,Kununurra,AU,-15.7667,128.7333,73.38,53,34,3.44,scattered clouds
215,Zaria,NG,11.1113,7.7227,80.44,54,56,1.66,broken clouds
216,Boden,SE,65.8252,21.6886,42.8,84,64,4.41,broken clouds
217,Asau,RO,46.4333,26.4,52.75,94,100,4.27,light rain
218,Mantua,IT,45.1667,10.7833,74.71,68,61,7.0,broken clouds
219,Colac,AU,-38.3333,143.5833,41.83,89,75,9.46,broken clouds
220,Marawi,PH,7.9986,124.2928,64.65,94,99,1.66,overcast clouds
221,Souillac,MU,-20.5167,57.5167,70.18,68,75,14.97,light rain
222,Kaeo,NZ,-35.1,173.7833,45.32,94,15,2.26,few clouds
223,Tanda,IN,26.55,82.65,82.76,76,86,4.07,overcast clouds
224,Jacareacanga,BR,-6.2222,-57.7528,93.51,49,40,2.3,scattered clouds
225,Langfang,CN,39.5097,116.6947,59.25,96,96,5.99,light rain
226,Cayenne,GF,4.9333,-52.3333,86.09,75,20,3.0,few clouds
227,Lake Havasu City,US,34.4839,-114.3224,88.41,17,1,5.01,clear sky
228,Yuza,JP,39.0,139.9167,63.01,81,39,12.1,scattered clouds
229,Izumo,JP,35.3667,132.7667,69.75,88,0,5.32,clear sky
230,Pictou,CA,45.6834,-62.7153,69.58,52,12,2.3,few clouds
231,Poronaysk,RU,49.2167,143.1167,47.12,84,8,6.62,clear sky
232,Pristina,XK,42.6727,21.1669,63.25,76,40,11.01,scattered clouds
233,Farroupilha,BR,-29.225,-51.3478,78.64,50,40,4.61,scattered clouds
234,Alyangula,AU,-13.8483,136.4192,66.07,88,25,0.0,scattered clouds
235,Pahrump,US,36.2083,-115.9839,81.25,20,6,1.01,clear sky
236,Te Anau,NZ,-45.4167,167.7167,42.19,98,100,5.17,moderate rain
237,Tarragona,ES,41.129,1.249,76.84,35,20,17.27,few clouds
238,Aktash,RU,50.3,87.7333,25.2,56,0,3.89,clear sky
239,Arraial Do Cabo,BR,-22.9661,-42.0278,78.76,73,20,26.46,few clouds
240,Port Augusta,AU,-32.5,137.7667,51.94,59,79,18.39,broken clouds
241,Lenine,UA,45.2986,35.7771,64.08,68,66,4.05,broken clouds
242,Saskylakh,RU,71.9167,114.0833,31.59,83,100,4.72,overcast clouds
243,Batangafo,CF,7.3008,18.2833,71.8,93,59,3.02,broken clouds
244,Ornes,NO,66.8689,13.7078,48.9,63,26,10.25,scattered clouds
245,Dunedin,NZ,-45.8742,170.5036,53.1,62,100,10.71,moderate rain
246,Sur,OM,22.5667,59.5289,85.46,67,2,14.2,clear sky
247,Harper,LR,4.375,-7.7169,79.34,81,96,4.76,overcast clouds
248,Polessk,RU,54.862,21.1028,50.05,69,51,8.43,broken clouds
249,Chapais,CA,49.7834,-74.8492,71.38,32,70,14.23,broken clouds
250,Merauke,ID,-8.4667,140.3333,75.67,91,100,10.67,moderate rain
251,Ugoofaaru,MV,5.6667,73.0,82.72,75,89,7.74,overcast clouds
252,Raipur,IN,21.2333,81.6333,77.14,94,40,3.44,haze
253,Langsa,ID,4.4683,97.9683,73.8,97,100,2.19,overcast clouds
254,Vung Tau,VN,10.346,107.0843,79.41,84,100,7.94,overcast clouds
255,Veraval,IN,20.9,70.3667,80.91,88,75,11.34,broken clouds
256,Woodburn,US,45.1437,-122.8554,61.54,80,90,1.99,mist
257,Petropavlovka,RU,50.6114,105.3196,53.83,89,28,5.41,scattered clouds
258,Port Blair,IN,11.6667,92.75,80.76,84,99,7.11,overcast clouds
259,Togur,RU,58.3631,82.8265,35.71,99,100,6.35,overcast clouds
260,Doha,QA,25.2867,51.5333,93.51,49,0,14.97,clear sky
261,Mount Isa,AU,-20.7333,139.5,73.17,15,52,17.27,broken clouds
262,Codrington,AU,-38.2667,141.9667,45.52,73,99,22.24,overcast clouds
263,Methoni,GR,36.8197,21.7049,81.21,85,0,7.45,clear sky
264,Kushima,JP,31.4583,131.2333,74.88,91,43,2.51,scattered clouds
265,Tongren,CN,27.7172,109.1853,70.74,89,0,2.24,light rain
266,Guerrero Negro,MX,27.9769,-114.0611,76.77,56,0,10.27,clear sky
267,Changping,CN,40.2186,116.2197,58.64,78,85,6.96,overcast clouds
268,Broken Hill,AU,-31.95,141.4333,42.51,65,42,14.97,scattered clouds
269,Mandiana,GN,10.6333,-8.6833,82.83,73,40,3.71,scattered clouds
270,Shimoda,JP,34.6667,138.95,69.17,80,5,15.14,clear sky
271,Weyburn,CA,49.6668,-103.8511,57.42,44,35,17.27,scattered clouds
272,Lucapa,AO,-8.4192,20.7447,81.25,30,73,2.82,broken clouds
273,Port Lincoln,AU,-34.7333,135.8667,51.44,63,93,16.87,overcast clouds
274,Borazjan,IR,29.2666,51.2159,90.73,29,0,0.43,clear sky
275,Bokoro,TD,12.3807,17.0568,81.63,66,85,6.11,overcast clouds
276,Marco,US,25.9726,-81.729,93.29,67,75,5.99,haze
277,Wagar,SD,16.1525,36.2032,97.2,28,3,3.89,clear sky
278,Diu,IN,20.7141,70.9822,79.79,89,55,11.03,broken clouds
279,Vila Velha,BR,-20.3297,-40.2925,80.55,61,40,9.22,scattered clouds
280,Lubao,PH,14.9167,120.55,80.62,89,99,3.56,overcast clouds
281,San Luis,AR,-33.295,-66.3356,54.81,57,99,16.44,overcast clouds
282,Jambi,ID,-1.6,103.6167,74.88,92,36,2.26,scattered clouds
283,Muromtsevo,RU,56.3724,75.2418,38.52,94,100,11.05,overcast clouds
284,Pingliang,CN,35.5392,106.6861,61.92,34,1,6.35,clear sky
285,Kutum,SD,14.2,24.6667,85.12,33,86,7.02,overcast clouds
286,Fort Nelson,CA,58.8053,-122.7002,44.19,87,20,5.75,few clouds
287,Rio Grande,BR,-32.035,-52.0986,68.11,95,99,6.13,moderate rain
288,Dapaong,TG,10.8639,0.205,83.73,61,46,4.38,scattered clouds
289,Lasa,IT,46.6166,10.7002,63.48,92,98,1.74,overcast clouds
290,Coquimbo,CL,-29.9533,-71.3436,60.53,67,0,14.97,clear sky
291,Udachnyy,RU,66.4167,112.4,33.57,79,99,5.82,overcast clouds
292,Zhanakorgan,KZ,43.9098,67.2495,61.92,16,62,14.74,broken clouds
293,Morant Bay,JM,17.8815,-76.4093,87.42,72,61,5.91,broken clouds
294,Provideniya,RU,64.3833,-173.3,34.86,62,100,3.71,overcast clouds
295,Bambous Virieux,MU,-20.3428,57.7575,70.05,68,75,14.97,broken clouds
296,Clyde River,CA,70.4692,-68.5914,32.23,74,20,21.85,squalls
297,Sayyan,YE,15.1718,44.3244,69.46,23,54,3.44,broken clouds
298,Korem,ET,12.5058,39.5228,60.21,48,11,4.65,few clouds
299,Karratha,AU,-20.7377,116.8463,80.8,18,87,27.69,overcast clouds
300,Okhotsk,RU,59.3833,143.3,43.41,72,63,14.63,broken clouds
301,Papar,MY,5.7333,115.9333,77.0,87,99,3.62,moderate rain
302,Erenhot,CN,43.6475,111.9767,57.87,63,83,11.12,broken clouds
303,Khani,GE,41.9563,42.9566,56.77,90,29,5.14,scattered clouds
304,Paramirim,BR,-13.4425,-42.2389,94.55,14,78,14.5,broken clouds
305,Landeck,AT,47.1301,10.5636,54.75,96,100,3.27,overcast clouds
306,Mayo,US,38.8876,-76.5119,81.21,67,75,3.0,broken clouds
307,Hearst,CA,49.6835,-83.6665,80.85,53,3,12.77,clear sky
308,Bukama,CD,-9.2,25.85,84.7,25,3,0.47,clear sky
309,Caravelas,BR,-17.7125,-39.2481,80.26,59,19,8.1,few clouds
310,Goshogawara,JP,40.8044,140.4414,58.39,91,75,3.49,broken clouds
311,Muzhi,RU,65.3667,64.6667,36.95,82,100,17.18,overcast clouds
312,Hagonoy,PH,14.8321,120.7336,80.65,88,98,6.13,overcast clouds
313,Raduzhnyy,RU,62.0961,77.475,35.33,69,98,13.94,overcast clouds
314,San Andres,CO,12.5847,-81.7006,87.82,74,40,10.36,scattered clouds
315,Pevek,RU,69.7008,170.3133,25.88,83,98,4.61,overcast clouds
316,Alekseyevsk,RU,57.8406,108.3492,49.05,76,35,3.71,scattered clouds
317,Hirara,JP,24.8,125.2833,83.28,77,8,7.38,clear sky
318,Zhigansk,RU,66.7697,123.3711,33.04,77,100,2.28,overcast clouds
319,Cabo San Lucas,MX,22.8909,-109.9124,85.14,87,75,16.11,broken clouds
320,Nagua,DO,19.3832,-69.8474,89.46,74,75,6.91,broken clouds
321,Krasnogorskoye,RU,52.2953,86.1979,44.38,55,100,10.69,overcast clouds
322,Lompoc,US,34.6391,-120.4579,81.93,66,1,0.0,smoke
323,Vostok,RU,46.4856,135.8833,48.54,54,100,4.72,overcast clouds
324,Gujrat,PK,32.5728,74.079,85.96,68,58,6.64,broken clouds
325,Naze,JP,28.3667,129.4833,73.71,81,0,3.31,clear sky
326,Naantali,FI,60.4674,22.0243,47.86,87,0,3.44,clear sky
327,Buraydah,SA,26.326,43.975,93.65,16,1,10.67,clear sky
328,Opuwo,NA,-18.0607,13.84,79.74,12,6,11.54,clear sky
329,Rondonopolis,BR,-16.4708,-54.6356,109.51,7,12,1.52,few clouds
330,Turcianske Teplice,SK,48.8623,18.8605,49.21,80,82,4.72,broken clouds
331,Huarmey,PE,-10.0681,-78.1522,67.82,68,15,11.07,few clouds
332,Misawa,JP,40.6836,141.3597,59.9,88,85,6.24,overcast clouds
333,Kysyl-Syr,RU,63.8986,122.7617,31.32,85,58,0.87,broken clouds
334,Qandala,SO,11.472,49.8728,87.58,70,38,4.9,scattered clouds
335,Geraldton,AU,-28.7667,114.6,64.81,48,0,11.5,clear sky
336,Yumen,CN,40.2833,97.2,68.95,17,0,5.77,clear sky
337,Nachingwea,TZ,-10.3833,38.7667,74.37,58,57,7.29,broken clouds
338,Inuvik,CA,68.3499,-133.7218,41.76,70,75,2.3,broken clouds
339,Constitucion,CL,-35.3333,-72.4167,59.38,53,0,14.18,clear sky
340,San,ML,13.3034,-4.8956,91.13,40,20,6.73,few clouds
341,Tura,IN,25.5198,90.2201,72.1,98,31,4.03,scattered clouds
342,Faya,SA,18.3851,42.4509,75.31,27,84,7.76,broken clouds
343,Quatre Cocos,MU,-20.2078,57.7625,69.91,72,73,17.67,broken clouds
344,Manokwari,ID,-0.8667,134.0833,77.31,81,100,1.59,overcast clouds
345,Nur,PL,52.6683,22.3221,41.79,90,100,7.29,overcast clouds
346,Port Hardy,CA,50.6996,-127.4199,51.98,93,90,14.97,light rain
347,Pathalgaon,IN,22.5667,83.4667,74.05,89,59,3.13,broken clouds
348,Cabedelo,BR,-6.9811,-34.8339,84.87,61,24,13.58,few clouds
349,Marsa Matruh,EG,31.3525,27.2453,79.0,83,0,12.66,clear sky
350,Goma,CD,-1.6792,29.2228,67.41,74,95,2.62,overcast clouds
351,Sao Filipe,CV,14.8961,-24.4956,80.56,79,96,6.71,overcast clouds
352,Camabatela,AO,-8.1881,15.375,75.07,55,90,3.2,light rain
353,Koumac,NC,-20.5667,164.2833,65.93,71,2,4.47,clear sky
354,Masvingo,ZW,-20.0637,30.8277,72.16,27,0,6.06,clear sky
355,Ouadda,CF,8.0777,22.4007,70.07,94,20,2.33,few clouds
356,Alofi,NU,-19.0595,-169.9187,71.49,94,40,3.44,light rain
357,Hamina,FI,60.5697,27.1979,43.88,69,100,15.41,overcast clouds
358,Corinto,GR,37.9407,22.9573,89.62,70,2,1.01,clear sky
359,Seminole,US,28.7086,-81.2081,91.15,84,79,6.11,broken clouds
360,Bridlington,GB,54.0831,-0.1919,67.05,88,35,5.03,scattered clouds
361,Glendive,US,47.1053,-104.7125,63.23,58,53,13.0,broken clouds
362,Sao Gabriel Da Cachoeira,BR,-0.1303,-67.0892,89.4,62,40,6.91,scattered clouds
363,Beloha,MG,-25.1667,45.05,65.37,77,0,13.73,clear sky
364,Jibuti,DJ,11.5,42.5,87.22,37,6,9.64,clear sky
365,Show Low,US,34.2542,-110.0298,74.71,34,1,5.75,clear sky
366,Lianzhou,CN,24.7811,112.3825,75.51,95,78,1.95,broken clouds
367,Aykhal,RU,66.0,111.5,32.9,88,100,5.19,overcast clouds
368,Tavda,RU,58.0425,65.2726,35.58,94,100,7.29,overcast clouds
369,Zemio,CF,5.0314,25.1361,71.42,95,94,1.77,overcast clouds
370,Det Udom,TH,14.906,105.0784,76.82,96,100,5.08,overcast clouds
371,Grootfontein,NA,-19.5667,18.1167,78.37,22,30,2.3,scattered clouds
372,Pirgos,GR,35.1167,25.7178,83.93,56,0,1.32,clear sky
373,Mianwali,PK,32.5741,71.5264,94.28,39,3,13.87,clear sky
374,Omsukchan,RU,62.5333,155.8,38.62,98,100,5.68,overcast clouds
375,Kosugi,JP,36.7167,137.1,72.12,77,6,1.01,clear sky
376,Bereda,ES,43.2686,-7.5406,64.0,80,38,6.02,scattered clouds
377,Tabou,CI,4.423,-7.3528,78.89,84,85,4.63,overcast clouds
378,Srednekolymsk,RU,67.45,153.6833,27.32,80,100,14.45,overcast clouds
379,Severo-Kurilsk,RU,50.6789,156.125,47.46,80,33,21.79,light rain
380,Dingzhou,CN,38.5131,114.9956,68.11,95,41,2.35,light rain
381,Ukiah,US,39.1502,-123.2078,80.13,53,1,0.0,clear sky
382,Makakilo City,US,21.3469,-158.0858,75.52,73,1,5.75,clear sky
383,Rocha,UY,-34.4833,-54.3333,62.31,91,92,15.28,overcast clouds
384,Portachuelo,BO,-17.35,-63.4,95.9,23,37,12.01,scattered clouds
385,Kungurtug,RU,50.5994,97.5228,38.01,83,68,2.24,broken clouds
386,Matagami,CA,49.7502,-77.6328,75.31,50,1,16.11,clear sky
387,Talaya,RU,61.3833,152.75,28.49,95,100,5.5,overcast clouds
388,Komsomolskiy,UZ,40.4272,71.7189,68.72,49,0,6.91,clear sky
389,Aripuana,BR,-9.1667,-60.6333,100.22,26,71,3.31,broken clouds
390,Punta De Bombon,PE,-17.1717,-71.7931,62.96,73,100,9.55,overcast clouds
391,Tromso,NO,69.6496,18.957,48.22,53,0,16.11,clear sky
392,Katsuura,JP,35.1333,140.3,69.91,77,2,10.27,clear sky
393,Menomonie,US,44.8755,-91.9193,76.57,68,67,18.41,broken clouds
394,Serebryanyy Bor,RU,56.8,124.8,36.5,95,50,1.92,scattered clouds
395,Westport,US,41.1415,-73.3579,77.14,67,1,1.01,clear sky
396,Farsund,NO,58.0948,6.8047,53.94,78,90,6.22,overcast clouds
397,Batagay,RU,67.6333,134.6333,29.7,84,39,2.89,scattered clouds
398,Forestville,US,38.8451,-76.875,80.94,59,20,8.05,few clouds
399,San Jose,US,37.3394,-121.895,77.83,38,1,1.01,clear sky
400,Letnica,PL,51.8981,15.333,55.45,59,70,3.38,broken clouds
401,Port Keats,AU,-14.25,129.55,76.35,85,33,2.48,scattered clouds
402,Muros,ES,42.7762,-9.0603,67.84,63,0,16.96,clear sky
403,Rawson,AR,-43.3002,-65.1023,61.47,31,0,2.21,clear sky
404,Kommunarka,RU,55.5695,37.4893,44.64,94,90,20.13,light intensity drizzle
405,Eldorado,BR,-23.7869,-54.2836,104.59,12,0,8.23,clear sky
406,Verkhnyaya Toyma,RU,62.2349,44.9985,36.03,84,6,4.54,clear sky
407,Slave Lake,CA,55.2834,-114.769,51.78,71,90,8.05,overcast clouds
408,Ahipara,NZ,-35.1667,173.1667,50.47,88,2,2.3,clear sky
409,Ponta Do Sol,PT,32.6667,-17.1,75.83,67,25,3.15,scattered clouds
410,Sambava,MG,-14.2667,50.1667,72.75,74,42,14.54,scattered clouds
411,Sao Lourenco Do Sul,BR,-31.3653,-51.9783,68.05,96,100,3.51,overcast clouds
412,Vila,PT,42.0304,-8.1588,63.34,63,0,11.83,clear sky
413,The Valley,AI,18.217,-63.0578,86.83,83,20,3.44,few clouds
414,Suluq,LY,31.6682,20.2521,86.68,30,0,8.75,clear sky
415,Malmyzh,RU,56.5205,50.6818,37.47,71,99,5.93,overcast clouds
416,Waipawa,NZ,-41.4122,175.5153,53.02,82,7,14.45,clear sky
417,Yenagoa,NG,4.9247,6.2642,78.21,86,89,5.64,light rain
418,Twin Falls,US,42.3505,-114.6445,52.14,58,1,14.97,clear sky
419,Cuyo,PH,10.8525,121.0086,79.92,81,98,5.41,overcast clouds
420,Severodvinsk,RU,64.5635,39.8302,41.11,76,58,5.61,broken clouds
421,Sidney,AU,-33.8679,151.2073,51.35,65,0,13.8,clear sky
422,Bontang,ID,0.1333,117.5,76.66,87,100,4.81,overcast clouds
423,Joao Pinheiro,BR,-17.7425,-46.1725,96.04,17,8,5.28,clear sky
424,Florence,IT,43.7667,11.25,70.84,93,75,1.14,broken clouds
425,Talara,PE,-4.5772,-81.2719,74.16,60,0,18.41,clear sky
426,Henties Bay,NA,-22.116,14.2845,57.85,85,0,9.26,clear sky
427,Sept-Iles,CA,50.2001,-66.3821,56.05,79,75,8.01,broken clouds
428,College,US,64.8569,-147.8028,33.75,83,90,6.91,light snow
429,Bubaque,GW,11.2833,-15.8333,83.39,74,94,5.5,light rain
430,Cruzeiro Do Sul,BR,-29.5128,-51.9853,84.52,72,18,5.21,few clouds
431,Ixtapa,MX,20.7,-105.2,85.23,70,1,2.3,clear sky
432,Coahuayana,MX,18.7333,-103.6833,87.28,58,60,3.49,broken clouds
433,Hala,PK,25.8131,68.4227,91.38,62,19,18.92,few clouds
434,Sosnovo-Ozerskoye,RU,52.5249,111.5418,50.18,94,100,4.65,light rain
435,Lingao,CN,19.9103,109.6859,79.21,86,41,8.28,light rain
436,Sangar,RU,63.9242,127.4739,31.46,94,4,1.63,clear sky
437,Barcelos,PT,41.5388,-8.6151,75.85,43,0,10.76,clear sky
438,Balkanabat,TM,39.5108,54.3671,82.65,21,0,12.84,clear sky
439,Cap Malheureux,MU,-19.9842,57.6142,70.29,75,8,5.99,clear sky
440,Haines Junction,CA,60.7522,-137.5108,33.75,93,100,1.14,overcast clouds
441,Batetskiy,RU,58.6461,30.3027,41.11,79,100,11.65,light rain
442,Oranjemund,NA,-28.55,16.4333,56.21,84,1,24.05,clear sky
443,Hovd,MN,48.0056,91.6419,49.6,18,2,10.29,clear sky
444,Nadym,RU,65.5333,72.5167,36.18,97,100,16.87,overcast clouds
445,Nelson Bay,AU,-32.7167,152.15,56.75,65,57,1.01,broken clouds
446,Dhidhdhoo,MV,6.8833,73.1,82.13,77,57,8.57,broken clouds
447,Vardo,NO,70.3705,31.1107,44.8,70,0,18.41,clear sky
448,Kousseri,CM,12.0769,15.0306,80.56,74,20,1.14,few clouds
449,Belmonte,BR,-15.8631,-38.8828,79.3,64,41,8.63,scattered clouds
450,Siocon,PH,7.7061,122.1353,76.77,85,100,0.56,overcast clouds
451,Vila Praia De Ancora,PT,41.811,-8.8526,75.54,55,0,21.74,clear sky
452,Venado Tuerto,AR,-33.7456,-61.9688,68.77,48,95,16.17,overcast clouds
453,Botwood,CA,49.1499,-55.3482,53.91,61,99,10.8,overcast clouds
454,Viedma,AR,-40.8135,-62.9967,66.04,21,0,12.35,clear sky
455,Bandarbeyla,SO,9.4942,50.8122,77.76,82,100,27.25,overcast clouds
456,Bud,US,39.447,-86.1758,75.54,94,98,15.26,overcast clouds
457,Bathsheba,BB,13.2167,-59.5167,90.21,62,40,13.8,scattered clouds
458,Isangel,VU,-19.55,169.2667,68.52,80,37,10.11,scattered clouds
459,Mayumba,GA,-3.432,10.6554,75.31,83,77,8.5,broken clouds
460,Talcahuano,CL,-36.7167,-73.1167,60.48,48,0,13.8,clear sky
461,Poum,NC,-20.2333,164.0167,71.51,62,42,15.99,scattered clouds
462,Den Helder,NL,52.9599,4.7593,61.02,59,90,6.91,overcast clouds
463,Segezha,RU,63.7415,34.3222,41.34,68,77,11.52,broken clouds
464,Havoysund,NO,70.9963,24.6622,46.63,68,39,17.07,scattered clouds
465,Mehamn,NO,71.0357,27.8492,46.58,67,63,19.91,broken clouds
466,Barraute,CA,48.4335,-77.6328,73.67,31,8,13.22,clear sky
467,Atasu,KZ,48.6814,71.6433,43.29,45,4,7.0,clear sky
468,Salalah,OM,17.0151,54.0924,80.69,89,75,5.75,broken clouds
469,Necochea,AR,-38.5473,-58.7368,56.03,80,69,17.43,broken clouds
470,Tautira,PF,-17.7333,-149.15,73.42,74,24,13.2,few clouds
471,Escarcega,MX,18.6089,-90.7454,96.33,35,51,4.5,broken clouds
472,Flinders,AU,-34.5833,150.8552,52.18,61,47,1.01,scattered clouds
473,Matadi,CD,-5.8167,13.45,83.75,58,43,14.2,scattered clouds
474,Fonte Boa,BR,-2.4959,-66.2662,92.61,47,31,2.53,scattered clouds
475,Moss Vale,AU,-34.55,150.3833,44.15,86,66,7.4,broken clouds
476,Gallatin,US,45.6666,-111.2008,53.4,59,90,1.99,overcast clouds
477,Lagoa,PT,39.05,-27.9833,69.85,71,0,10.13,clear sky
478,Palmer,US,42.1584,-72.3287,75.61,56,40,1.99,scattered clouds
479,Gornozavodsk,RU,58.3758,58.3211,30.42,95,67,3.06,broken clouds
480,Gumdag,TM,39.2061,54.5906,80.8,20,0,20.07,clear sky
481,Dwarka,IN,22.2394,68.9678,82.33,86,7,14.65,clear sky
482,Subiaco,IT,41.9254,13.0941,72.95,77,97,3.38,overcast clouds
483,Kiama,AU,-34.6833,150.8667,52.38,61,44,11.65,scattered clouds
484,Matay,EG,28.419,30.7792,93.0,21,0,18.25,clear sky
485,Herat,AF,34.5,62.0,71.01,23,0,9.33,clear sky
486,Half Moon Bay,US,37.4636,-122.4286,77.88,47,1,5.75,clear sky
487,Sao Sebastiao,BR,-23.76,-45.4097,78.58,74,5,6.44,clear sky
488,Saint-Francois,FR,46.4154,3.9054,60.48,94,75,5.75,mist
489,Bengkulu,ID,-3.8004,102.2655,76.39,88,93,3.09,overcast clouds
490,Mugumu,TZ,-1.85,34.7,70.7,58,33,5.44,scattered clouds
491,Kahului,US,20.8947,-156.47,75.22,80,20,12.66,few clouds
492,Seydi,TM,39.4816,62.9137,70.09,16,0,9.53,clear sky
493,Ballina,AU,-28.8667,153.5667,69.84,73,75,8.05,broken clouds
494,Komarno,SK,47.7636,18.1226,58.05,62,94,10.51,overcast clouds
495,Khovu-Aksy,RU,51.1333,93.6,36.41,52,56,3.0,broken clouds
496,Tres Picos,MX,15.8667,-93.5333,87.85,64,100,4.18,overcast clouds
497,Vylkove,UA,45.4021,29.586,61.9,70,58,6.71,light rain
498,Leirvik,NO,59.7798,5.5005,56.86,62,0,16.11,clear sky
499,Tiarei,PF,-17.5333,-149.3333,73.42,75,26,12.08,scattered clouds
500,Lashio,MM,22.9333,97.75,68.43,99,99,1.5,overcast clouds
501,Cam Ranh,VN,11.9214,109.1591,76.96,88,40,4.61,scattered clouds
502,Mareeba,AU,-17.0,145.4333,63.32,97,82,1.74,broken clouds
503,Fethiye,TR,36.6217,29.1164,76.87,61,0,3.91,clear sky
504,Olinda,BR,-8.0089,-34.8553,80.33,57,20,12.66,few clouds
505,Asini,GR,37.5454,22.8621,81.21,42,2,6.76,clear sky
506,Pecos,US,31.4229,-103.4932,95.09,23,1,14.97,clear sky
507,Liwale,TZ,-9.7667,37.9333,73.09,62,59,8.97,broken clouds
508,Buchanan,LR,5.8808,-10.0467,79.66,78,58,5.06,broken clouds
509,Anadyr,RU,64.75,177.4833,32.5,93,90,6.71,snow
510,Luena,AO,-11.7833,19.9167,78.73,31,77,3.38,broken clouds
511,Ulladulla,AU,-35.35,150.4667,49.87,69,50,6.24,scattered clouds
512,Lima,PE,-12.0432,-77.0282,63.14,72,90,6.91,overcast clouds
513,Prieska,ZA,-29.6641,22.7474,59.31,26,0,10.71,clear sky
514,Nizwa,OM,22.9333,57.5333,88.34,42,40,5.99,scattered clouds
515,Vangaindrano,MG,-23.35,47.6,66.43,86,73,7.54,light rain
516,Alvorada,BR,-12.48,-49.1247,105.89,7,33,5.91,scattered clouds
517,Shelburne,CA,44.0787,-80.2041,74.75,47,98,11.52,overcast clouds
518,Bolivar,US,37.6145,-93.4105,87.28,67,0,1.01,clear sky
519,Concepcion Del Oro,MX,24.6333,-101.4167,73.62,38,23,1.57,few clouds
520,Sassandra,CI,4.95,-6.0833,78.03,84,52,4.97,broken clouds
521,Landerneau,FR,48.4525,-4.2525,65.17,77,40,10.36,scattered clouds
522,Pitimbu,BR,-7.4706,-34.8086,84.79,61,62,11.9,broken clouds
523,Dolny Kubin,SK,49.2098,19.3034,47.46,80,95,3.83,overcast clouds
524,Raigarh,IN,21.9,83.4,76.12,92,70,3.65,moderate rain
525,Sarakhs,IR,36.5449,61.1577,78.94,25,0,11.5,clear sky
526,Peraiyur,IN,9.7358,77.7896,80.24,66,58,4.29,broken clouds
527,Homer,US,59.6425,-151.5483,51.04,86,1,3.44,clear sky
528,Maceio,BR,-9.6658,-35.7353,83.64,65,75,14.97,broken clouds
529,Batagay-Alyta,RU,67.8006,130.4114,29.61,83,35,3.38,scattered clouds
530,Bar Harbor,US,44.3876,-68.2039,69.46,52,1,5.01,clear sky
531,Killam,CA,52.7834,-111.8518,57.42,58,31,5.75,scattered clouds
532,Grand Gaube,MU,-20.0064,57.6608,70.2,75,10,5.99,clear sky
533,Cape Canaveral,US,28.4058,-80.6048,92.03,70,20,6.91,few clouds
534,San Pedro,PH,14.35,121.0167,79.83,91,40,2.3,scattered clouds
535,Pau Dos Ferros,BR,-6.1125,-38.2063,97.5,24,70,5.88,broken clouds
536,Kamien Pomorski,PL,53.9685,14.7726,57.22,69,77,10.8,broken clouds
537,Moron,AR,-34.6534,-58.6198,68.0,73,89,12.75,overcast clouds
538,Manzanillo,CU,20.3433,-77.1167,94.33,43,4,5.44,clear sky
539,Athabasca,CA,54.7169,-113.2854,55.22,52,99,12.57,overcast clouds
540,Preobrazheniye,RU,42.9019,133.9064,60.98,78,96,6.31,overcast clouds
541,Shakhovskaya,RU,56.0283,35.5097,40.1,94,100,17.69,light rain
542,Berdigestyakh,RU,62.0989,126.6992,31.26,91,78,1.97,broken clouds
543,Tuatapere,NZ,-46.1333,167.6833,51.82,97,100,4.12,light rain
544,Namibe,AO,-15.1961,12.1522,63.16,80,33,8.34,scattered clouds
545,Nouakchott,MR,18.0858,-15.9785,91.33,65,4,22.66,clear sky
546,Rapid Valley,US,44.0625,-103.1463,62.33,60,90,3.0,overcast clouds
547,Lodja,CD,-3.4833,23.4333,79.12,55,100,3.18,overcast clouds
548,Gbarnga,LR,6.9956,-9.4722,76.41,94,43,2.3,light rain
549,Winnemucca,US,40.973,-117.7357,56.1,44,1,8.05,clear sky
550,Atar,MR,20.5169,-13.0499,100.96,18,0,14.41,clear sky
551,Springdale,US,36.1867,-94.1288,88.57,61,40,12.66,scattered clouds
552,Sangolqui,EC,-0.3341,-78.4522,72.09,50,46,4.23,light rain
553,Lixourion,GR,38.2019,20.4314,80.46,83,0,0.0,clear sky
554,Les Cayes,HT,18.2,-73.75,86.49,63,100,8.43,overcast clouds
555,Mao,ES,39.8885,4.2658,73.96,64,75,3.44,broken clouds
556,Lewistown,US,40.5992,-77.5714,75.97,73,75,5.75,broken clouds
557,Bay Roberts,CA,47.5999,-53.2648,54.03,66,6,11.99,clear sky
558,Yulara,AU,-25.2406,130.9889,57.04,30,12,13.8,few clouds
559,Chimbote,PE,-9.0853,-78.5783,67.48,68,21,11.88,few clouds
560,Xingyi,CN,24.1877,102.817,57.52,94,9,1.88,clear sky
561,Fairbanks,US,64.8378,-147.7164,34.09,83,90,2.3,light snow
562,Jaciara,BR,-15.9653,-54.9683,106.21,8,27,7.31,scattered clouds
563,Zhuhai,CN,22.2769,113.5678,85.05,89,40,6.91,light rain
564,Kochi,IN,9.9399,76.2602,78.78,88,84,7.0,broken clouds
565,Kikwit,CD,-5.041,18.8162,82.69,46,24,2.93,few clouds
566,Rognan,NO,67.0953,15.3878,48.88,62,8,10.27,clear sky
567,Puri,IN,19.8,85.85,81.12,81,99,9.17,overcast clouds
568,Katherine,AU,-14.4667,132.2667,70.12,64,67,2.3,broken clouds
569,Tilichiki,RU,60.4667,166.1,44.44,91,100,6.67,light rain
570,Sulangan,PH,11.1373,123.7228,80.42,77,100,3.2,light rain
571,Xai-Xai,MZ,-25.0519,33.6442,73.53,52,5,15.5,clear sky
572,Hue,VN,16.4667,107.6,78.91,94,40,2.3,scattered clouds
573,Mafra,BR,-26.1114,-49.8053,84.96,41,23,5.26,few clouds
574,Asind,IN,25.7333,74.3333,79.25,81,62,7.74,broken clouds
575,Avdiyivka,UA,48.1399,37.7426,56.93,52,57,6.69,broken clouds
576,Oriximina,BR,-1.7656,-55.8661,88.3,55,56,2.39,broken clouds
577,Kampot,KH,10.6167,104.1833,78.85,88,100,4.03,overcast clouds
578,Hailey,US,43.5196,-114.3153,48.06,51,1,9.22,clear sky
579,Maningrida,AU,-12.0667,134.2667,73.06,82,85,7.23,overcast clouds
580,Qaqortoq,GL,60.7167,-46.0333,45.1,63,16,2.55,few clouds
581,Quibor,VE,9.9287,-69.6201,94.17,47,56,8.19,broken clouds
582,Abbeville,FR,50.1,1.8333,65.5,81,90,8.93,overcast clouds
583,Valdivia,CL,-39.8142,-73.2459,57.29,48,36,5.37,scattered clouds
584,Kenai,US,60.5544,-151.2583,46.15,92,90,12.66,light rain
585,Tual,ID,-5.6667,132.75,80.13,81,97,15.57,overcast clouds
586,Adre,TD,13.4667,22.2,76.17,70,94,4.72,overcast clouds
587,Comodoro Rivadavia,AR,-45.8667,-67.5,58.86,33,0,10.36,clear sky
588,Mweka,CD,-4.85,21.5667,81.19,45,88,2.39,overcast clouds
589,Merritt,CA,50.1123,-120.7942,46.45,58,89,3.67,overcast clouds
590,Kalmunai,LK,7.4167,81.8167,79.84,87,45,10.8,scattered clouds
591,Noumea,NC,-22.2763,166.4572,62.58,72,38,7.99,scattered clouds
592,Sulat,PH,11.8103,125.4544,76.98,88,89,3.67,overcast clouds
593,Puerto Escondido,MX,15.85,-97.0667,85.71,67,40,5.3,scattered clouds
594,Maldonado,UY,-34.6667,-54.9167,58.39,95,100,13.62,overcast clouds
595,Ternate,ID,0.8,127.4,79.32,81,99,3.67,overcast clouds
596,Ghanzi,BW,-21.5667,21.7833,78.49,18,8,9.08,clear sky
597,Tagusao,PH,9.1924,117.8141,79.07,79,96,3.06,overcast clouds
598,Songea,TZ,-10.6833,35.65,66.52,53,59,1.86,broken clouds
599,Teya,RU,60.3778,92.6267,32.2,98,58,3.91,broken clouds
600,Nandigama,IN,16.7833,80.3,78.75,87,97,2.46,heavy intensity rain
601,Saint-Pierre,RE,-21.3393,55.4781,67.68,78,90,18.41,light rain
602,Road Town,VG,18.4167,-64.6167,84.24,89,40,8.05,scattered clouds
603,Riberalta,BO,-10.9833,-66.1,95.2,49,40,9.22,smoke
604,Balsas,BR,-7.5325,-46.0356,103.03,16,100,4.38,overcast clouds
605,Pyapon,MM,16.2833,95.6833,77.22,94,100,6.02,overcast clouds
606,Nioro,GM,13.35,-15.75,91.0,64,26,1.52,scattered clouds
607,Wajima,JP,37.4,136.9,72.05,79,0,5.26,clear sky
608,Bourail,NC,-21.5667,165.4833,64.72,68,12,4.29,few clouds
609,Iki-Burul,RU,45.8208,44.6472,66.54,60,87,5.44,overcast clouds
610,San Policarpo,PH,12.1791,125.5072,78.75,86,96,5.79,overcast clouds
611,Noshiro,JP,40.2039,140.0242,62.11,81,88,6.42,overcast clouds
612,Muhos,FI,64.808,25.9931,40.78,83,16,5.14,few clouds
613,Kruisfontein,ZA,-34.0033,24.7314,54.88,61,40,25.21,scattered clouds
614,Kumluca,TR,36.3703,30.2869,82.06,54,1,3.78,clear sky
615,Kastamonu,TR,41.5,33.6667,69.82,66,11,0.54,few clouds
616,Puerto Del Rosario,ES,28.5004,-13.8627,78.48,69,40,16.11,scattered clouds
617,Takoradi,GH,4.8845,-1.7554,77.92,84,80,10.13,broken clouds
618,Sindal,DK,57.4712,10.2031,51.76,63,96,3.42,overcast clouds
619,Maragogi,BR,-9.0122,-35.2225,79.3,66,69,8.34,broken clouds
620,Careiro Da Varzea,BR,-3.2003,-59.8119,92.01,44,97,3.06,light rain
621,Creston,US,41.0586,-94.3614,78.08,100,75,20.71,broken clouds
622,Springville,US,40.1652,-111.6107,61.66,48,1,1.01,clear sky
623,Palana,RU,59.1167,159.9667,44.42,88,100,9.71,overcast clouds
624,Pimenteiras,BR,-6.2453,-41.4192,104.0,16,39,4.9,scattered clouds
625,Balkhash,KZ,46.844,74.9804,52.3,42,0,4.97,clear sky
626,Bonthe,SL,7.5264,-12.505,80.4,78,63,8.97,broken clouds
627,Buenos Aires,AR,-34.6132,-58.3772,69.03,72,75,12.66,broken clouds
628,Basse-Pointe,MQ,14.8695,-61.115,92.34,64,77,7.9,broken clouds
629,Buin,CL,-33.7333,-70.75,62.92,39,0,2.86,clear sky
630,Praya,CV,14.9215,-23.5087,86.54,70,40,16.11,scattered clouds
631,Jonesboro,US,35.8423,-90.7043,85.77,62,40,9.22,scattered clouds
632,Vao,NC,-22.6667,167.4833,69.24,63,92,19.13,overcast clouds
633,Luganville,VU,-15.5333,167.1667,74.84,79,78,11.25,broken clouds
634,Darnah,LY,32.767,22.6367,80.4,64,0,8.19,clear sky
635,Chimoio,MZ,-19.1164,33.4833,68.14,36,1,4.92,clear sky
636,Komatipoort,ZA,-25.4332,31.9548,79.29,33,13,6.26,few clouds
637,Meulaboh,ID,4.1363,96.1285,76.41,88,100,4.97,overcast clouds
638,Gazanjyk,TM,39.2446,55.5154,77.23,23,0,16.26,clear sky
639,Grindavik,IS,63.8424,-22.4338,48.15,93,75,25.32,light intensity drizzle
640,Santa Josefa,PH,7.9911,126.03,72.63,98,77,0.85,broken clouds
641,Skjervoy,NO,70.0311,20.9714,44.78,66,4,16.26,clear sky
642,Voh,NC,-20.9667,164.7,66.54,72,57,4.52,broken clouds
643,Leninskoye,KZ,41.7589,69.3864,67.78,25,0,3.47,clear sky
644,Codajas,BR,-3.8367,-62.0569,95.9,38,51,3.91,broken clouds
645,Nabire,ID,-3.3667,135.4833,74.55,94,100,1.7,overcast clouds
646,Butembo,CD,0.15,29.2833,59.23,89,52,2.64,broken clouds
647,Keller,US,32.9346,-97.2517,96.17,48,20,3.0,few clouds
648,Caarapo,BR,-22.6342,-54.8222,105.04,10,2,11.52,clear sky
649,Kangaatsiaq,GL,68.3065,-53.4641,32.74,65,99,4.68,overcast clouds
650,Starosubkhangulovo,RU,53.1031,57.4423,35.69,72,73,3.62,broken clouds
651,Gunjur,GM,13.2019,-16.7339,91.47,66,0,0.0,clear sky
652,Shar,KZ,49.5886,81.0453,44.08,48,11,6.35,few clouds
653,Columbus,US,39.9612,-82.9988,83.32,70,90,1.01,overcast clouds
654,Solano,US,38.2333,-121.9511,79.9,31,1,17.27,clear sky
655,Altay,CN,47.8667,88.1167,39.49,25,7,0.65,clear sky
656,Padang,ID,-0.9492,100.3543,77.05,88,75,3.98,light rain
657,Coxim,BR,-18.5067,-54.76,109.83,7,3,3.51,clear sky
658,Bambanglipuro,ID,-7.95,110.2833,75.87,84,53,2.82,broken clouds
659,Ucluelet,CA,48.9329,-125.5528,55.09,92,83,7.83,broken clouds
660,Touros,BR,-5.1989,-35.4608,86.9,59,14,16.28,few clouds
661,Khudumelapye,BW,-23.8833,24.75,74.5,12,14,12.82,few clouds
